"country","region","gender","rank","name"
"AD","All","F","1","Martina"
"AD","All","F","2","Emma"
"AD","All","F","3","Jana"
"AD","All","F","4","Lucia"
"AD","All","M","1","Iker"
"AD","All","M","2","Leo"
"AD","All","M","3","Martí"
"AD","All","M","4","Biel"
"AD","All","M","5","Dylan"
"AD","All","M","6","Jordi"
"AD","All","M","7","Marc"
"AE","Arab world","F","1","Maryam"
"AE","Arab world","F","2","Fatima"
"AE","Arab world","F","3","Lyn"
"AE","Arab world","F","4","Hur"
"AE","Arab world","F","5","Lian"
"AE","Arab world","F","6","Maria"
"AE","Arab world","F","7","Malak"
"AE","Arab world","F","8","Nur"
"AE","Arab world","F","9","Mila"
"AE","Arab world","F","10","Farah"
"AE","All","M","1","Mohamed"
"AE","All","M","2","Abdullah"
"AE","All","M","3","Ahmed"
"AE","All","M","4","Ali"
"AE","All","M","5","Yousouf"
"AE","All","M","6","Omar"
"AE","All","M","7","Adam"
"AE","All","M","8","Abd"
"AE","All","M","9","Khaled"
"AE","All","M","10","Fahd"
"AL","All","F","1","Amelia"
"AL","All","F","2","Ajla"
"AL","All","F","3","Aria"
"AL","All","F","4","Amelja"
"AL","All","F","5","Leandra"
"AL","All","F","6","Ambra"
"AL","All","F","7","Klea"
"AL","All","F","8","Melisa"
"AL","All","F","9","Amaris"
"AL","All","F","10","Reina"
"AL","All","M","1","Noel"
"AL","All","M","2","Aron"
"AL","All","M","3","Joel"
"AL","All","M","4","Roan"
"AL","All","M","5","Amar"
"AL","All","M","6","Mateo"
"AL","All","M","7","Alteo"
"AL","All","M","8","Roel"
"AL","All","M","9","Luis"
"AL","All","M","10","Dion"
"AM","All","F","1","Anahit"
"AM","All","F","2","Gayane"
"AM","All","F","3","Anna"
"AM","All","F","4","Karine"
"AM","All","F","5","Hasmik"
"AM","All","F","6","Lusine"
"AM","All","F","7","Susanna"
"AM","All","F","8","Armine"
"AM","All","F","9","Narine"
"AM","All","F","10","Lilit"
"AM","All","M","1","Armen"
"AM","All","M","2","Artur"
"AM","All","M","3","Karen"
"AM","All","M","4","Samvel"
"AM","All","M","5","Gevorg"
"AM","All","M","6","Ashot"
"AM","All","M","7","Davit"
"AM","All","M","8","Arman"
"AM","All","M","9","Hovhannes"
"AM","All","M","10","Gagik"
"AM","All","F","1","Nare"
"AM","All","F","2","Maria"
"AM","All","F","3","Arpi"
"AM","All","F","4","Maneh"
"AM","All","F","5","Angelina"
"AM","All","F","6","Mari"
"AM","All","F","7","Eva"
"AM","All","F","8","Mariam"
"AM","All","F","9","Anahit"
"AM","All","F","10","Sofi"
"AM","All","M","1","Davit"
"AM","All","M","2","Narek"
"AM","All","M","3","Monte"
"AM","All","M","4","Tigran"
"AM","All","M","5","Areg"
"AM","All","M","6","Hayk"
"AM","All","M","7","Mark"
"AM","All","M","8","Mikayel"
"AM","All","M","9","Aleks"
"AM","All","M","10","Areni"
"AR","All","F","1","Emma"
"AR","All","F","2","Olivia"
"AR","All","F","3","Martina"
"AR","All","F","4","Isabella"
"AR","All","F","5","Alma"
"AR","All","F","6","Catalina"
"AR","All","F","7","Mia"
"AR","All","F","8","Ámbar"
"AR","All","F","9","Victoria"
"AR","All","F","10","Delfina"
"AR","All","M","1","Mateo"
"AR","All","M","2","Bautista"
"AR","All","M","3","Juan"
"AR","All","M","4","Felipe"
"AR","All","M","5","Bruno"
"AR","All","M","6","Noah"
"AR","All","M","7","Benicio"
"AR","All","M","8","Thiago"
"AR","All","M","9","Ciro"
"AR","All","M","10","Liam"
"AT","All","F","1","Marie"
"AT","All","F","2","Emilia"
"AT","All","F","3","Anna"
"AT","All","F","4","Emma"
"AT","All","F","5","Lena"
"AT","All","F","6","Mia"
"AT","All","F","7","Laura"
"AT","All","F","8","Valentina"
"AT","All","F","9","Hannah"
"AT","All","F","10","Lea"
"AT","All","M","1","Paul"
"AT","All","M","2","Jakob"
"AT","All","M","3","Maximilian"
"AT","All","M","4","Elias"
"AT","All","M","5","David"
"AT","All","M","6","Felix"
"AT","All","M","7","Leon"
"AT","All","M","8","Tobias"
"AT","All","M","9","Jonas"
"AT","All","M","10","Noah"
"AT","Vienna","F","1","Sophia"
"AT","Vienna","F","2","Emilia"
"AT","Vienna","F","3","Sara"
"AT","Vienna","F","4","Hannah"
"AT","Vienna","F","5","Mia"
"AT","Vienna","F","6","Emma"
"AT","Vienna","F","7","Anna"
"AT","Vienna","F","8","Sophie"
"AT","Vienna","F","9","Laura"
"AT","Vienna","F","10","Elena"
"AT","Vienna","M","1","Mateo"
"AT","Vienna","M","2","Luka"
"AT","Vienna","M","3","Theodor"
"AT","Vienna","M","4","Elias"
"AT","Vienna","M","5","Noah"
"AT","Vienna","M","6","Felix"
"AT","Vienna","M","7","Mohammad"
"AT","Vienna","M","8","Alexander"
"AT","Vienna","M","9","Adam"
"AT","Vienna","M","10","David"
"AU","All","F","1","Charlotte"
"AU","All","F","2","Amelia"
"AU","All","F","3","Isla"
"AU","All","F","4","Olivia"
"AU","All","F","5","Mia"
"AU","All","F","6","Ava"
"AU","All","F","7","Matilda"
"AU","All","F","8","Ella"
"AU","All","F","9","Grace"
"AU","All","F","10","Willow"
"AU","All","M","1","Oliver"
"AU","All","M","2","Noah"
"AU","All","M","3","Leo"
"AU","All","M","4","William"
"AU","All","M","5","Henry"
"AU","All","M","6","Jack"
"AU","All","M","7","Theodore"
"AU","All","M","8","Hudson"
"AU","All","M","9","Charlie"
"AU","All","M","10","Luca"
"AW","All","F","1","Alysha"
"AW","All","F","2","Isabella"
"AW","All","F","3","Isabelle"
"AW","All","F","4","Emily"
"AW","All","F","5","Emely"
"AW","All","M","1","Daniel"
"AW","All","M","2","Dylan"
"AW","All","M","3","Dyllan"
"AW","All","M","4","Kevin"
"AW","All","M","5","Keven"
"AZ","All","M","1","Ali"
"AZ","All","M","2","Elchin"
"AZ","All","M","3","Vugar"
"AZ","All","M","4","Anar"
"AZ","All","M","5","Elnur"
"AZ","All","M","6","Samir"
"AZ","All","M","7","Elshan"
"AZ","All","M","8","Rashad"
"AZ","All","M","9","Ilgar"
"AZ","All","M","10","Vusal"
"AZ","All","F","1","Zahra"
"AZ","All","F","2","Aylin"
"AZ","All","F","3","Zeynab"
"AZ","All","F","4","Maryam"
"AZ","All","F","5","Fatima"
"AZ","All","F","6","Nilay"
"AZ","All","F","7","Malak"
"AZ","All","F","8","Ayla"
"AZ","All","F","9","İnci"
"AZ","All","F","10","Nuray"
"AZ","All","M","1","Ali"
"AZ","All","M","2","Huseyn"
"AZ","All","M","3","Yusif"
"AZ","All","M","4","Mahammad"
"AZ","All","M","5","Raul"
"AZ","All","M","6","Omar"
"AZ","All","M","7","Murad"
"AZ","All","M","8","Adam"
"AZ","All","M","9","Tunar"
"AZ","All","F","1","Sevinj"
"AZ","All","F","2","Gunel"
"AZ","All","F","3","Leyla"
"AZ","All","F","4","Aygun"
"AZ","All","F","5","Gunay"
"AZ","All","F","6","Sevda"
"AZ","All","F","7","Vusala"
"AZ","All","F","8","Konul"
"AZ","All","F","9","Aysel"
"AZ","All","F","10","Tarana"
"BA","All","F","1","Sara"
"BA","All","F","2","Merjem"
"BA","All","F","3","Asja"
"BA","All","F","4","Esma"
"BA","All","F","5","Amina"
"BA","All","F","6","Ema"
"BA","All","F","7","Hana"
"BA","All","F","8","Lejla"
"BA","All","F","9","Lamija"
"BA","All","F","10","Dalila"
"BA","All","M","1","Davud"
"BA","All","M","2","Ahmed"
"BA","All","M","3","Hamza"
"BA","All","M","4","Amar"
"BA","All","M","5","Adin"
"BA","All","M","6","Džan"
"BA","All","M","7","Daris"
"BA","All","M","8","Eman"
"BA","All","M","9","Harun"
"BA","All","M","10","Ali"
"BD","All","M","1","Mohammed"
"BD","All","M","2","Mohammad"
"BD","All","M","3","Abdul"
"BD","All","M","4","Muhammad"
"BD","All","M","5","Abdullah"
"BD","All","M","6","Ahmed"
"BD","All","M","7","Syed"
"BD","All","M","8","Kazi"
"BD","All","M","9","Sheikh"
"BD","All","M","10","Hasan"
"BE","All","F","1","Olivia"
"BE","All","F","2","Emma"
"BE","All","F","3","Louise"
"BE","All","F","4","Mila"
"BE","All","F","5","Alice"
"BE","All","F","6","Camille"
"BE","All","F","7","Lina"
"BE","All","F","8","Sofia"
"BE","All","F","9","Ella"
"BE","All","F","10","Juliette"
"BE","All","M","1","Arthur"
"BE","All","M","2","Noah"
"BE","All","M","3","Louis"
"BE","All","M","4","Liam"
"BE","All","M","5","Jules"
"BE","All","M","6","Adam"
"BE","All","M","7","Lucas"
"BE","All","M","8","Gabriel"
"BE","All","M","9","Victor"
"BE","All","M","10","Oscar"
"BO","All","F","1","Martha"
"BO","All","F","2","Roxana"
"BO","All","F","3","Ana Maria"
"BO","All","F","4","Elizabeth"
"BO","All","F","5","Sonia"
"BO","All","F","6","Juana"
"BO","All","F","7","Patricia"
"BO","All","F","8","Lidia"
"BO","All","F","9","Rosmery"
"BO","All","F","10","Carmen"
"BO","All","M","1","Juan Carlos"
"BO","All","M","2","José Luis"
"BO","All","M","3","Marco Antonio"
"BO","All","M","4","Miguel Ángel"
"BO","All","M","5","Juan"
"BO","All","M","6","Mario"
"BO","All","M","7","David"
"BO","All","M","8","Ferndo"
"BO","All","M","9","Victor Hugo"
"BO","All","M","10","Jorge"
"BR","All","F","1","Maria"
"BR","All","F","2","Ana"
"BR","All","F","3","Francisca"
"BR","All","F","4","Antônia"
"BR","All","F","5","Adriana"
"BR","All","F","6","Juliana"
"BR","All","F","7","Marcia"
"BR","All","F","8","Fernanda"
"BR","All","F","9","Patrícia"
"BR","All","F","10","Aline"
"BR","All","M","1","José"
"BR","All","M","2","João"
"BR","All","M","3","Antônio"
"BR","All","M","4","Francisco"
"BR","All","M","5","Carlos"
"BR","All","M","6","Paulo"
"BR","All","M","7","Pedro"
"BR","All","M","8","Lucas"
"BR","All","M","9","Luiz"
"BR","All","M","10","Marcos"
"BR","All","F","1","Helena"
"BR","All","F","2","Alice"
"BR","All","F","3","Laura"
"BR","All","F","4","Maria Alice"
"BR","All","F","5","Sophia"
"BR","All","F","6","Manuela"
"BR","All","F","7","Maitê"
"BR","All","F","8","Liz"
"BR","All","F","9","Cecília"
"BR","All","F","10","Isabella"
"BR","All","M","1","Miguel"
"BR","All","M","2","Arthur"
"BR","All","M","3","Gael"
"BR","All","M","4","Théo"
"BR","All","M","5","Heitor"
"BR","All","M","6","Ravi"
"BR","All","M","7","Davi"
"BR","All","M","8","Berrdo"
"BR","All","M","9","Noah"
"BR","All","M","10","Gabriel"
"BY","All","F","1","Alisa"
"BY","All","F","2","Hanna"
"BY","All","F","3","Maryja"
"BY","All","F","4","Safija"
"BY","All","M","1","Maksim"
"BY","All","M","2","Mark"
"BY","All","M","3","Michail"
"CA","All","F","1","Olivia"
"CA","All","F","2","Emma"
"CA","All","F","3","Charlotte"
"CA","All","F","4","Amelia"
"CA","All","F","5","Ava"
"CA","All","F","6","Sophia"
"CA","All","F","7","Chloe"
"CA","All","F","8","Mia"
"CA","All","F","9","Mila"
"CA","All","F","10","Isla"
"CA","All","F","11","Alice"
"CA","All","M","1","Noah"
"CA","All","M","2","Liam"
"CA","All","M","3","William"
"CA","All","M","4","Leo"
"CA","All","M","5","Benjamin"
"CA","All","M","6","Theodore"
"CA","All","M","7","Jack"
"CA","All","M","8","Thomas"
"CA","All","M","9","Logan"
"CA","All","M","10","Oliver"
"CA","Québec","F","1","Emma"
"CA","Québec","F","2","Olivia"
"CA","Québec","F","3","Charlotte"
"CA","Québec","F","4","Charlie"
"CA","Québec","F","5","Florence"
"CA","Québec","F","6","Alice"
"CA","Québec","F","7","Léa"
"CA","Québec","F","8","Livia"
"CA","Québec","F","9","Rose"
"CA","Québec","F","10","Juliette"
"CA","Québec","M","1","Noah"
"CA","Québec","M","2","William"
"CA","Québec","M","3","Liam"
"CA","Québec","M","4","Thomas"
"CA","Québec","M","5","Leo"
"CA","Québec","M","6","Édouard"
"CA","Québec","M","7","Jacob"
"CA","Québec","M","8","Arthur"
"CA","Québec","M","9","Louis"
"CA","Québec","M","10","Nathan"
"CH","All","F","1","Mia"
"CH","All","F","2","Emma"
"CH","All","F","3","Elena"
"CH","All","F","4","Lina"
"CH","All","F","5","Mila"
"CH","All","F","6","Emilia"
"CH","All","F","7","Sofia"
"CH","All","F","8","Olivia"
"CH","All","F","9","Nora"
"CH","All","F","10","Alina"
"CH","All","M","1","Noah"
"CH","All","M","2","Liam"
"CH","All","M","3","Matteo"
"CH","All","M","4","Luca"
"CH","All","M","5","Gabriel"
"CH","All","M","6","Leon"
"CH","All","M","7","Elias"
"CH","All","M","8","Louis"
"CH","All","M","9","Lio"
"CH","All","M","10","Nino"
"CL","All","F","1","Emma"
"CL","All","F","2","Isabella"
"CL","All","F","3","Sofía"
"CL","All","F","4","Emilia"
"CL","All","F","5","Julieta"
"CL","All","F","6","Trinidad"
"CL","All","F","7","Isidora"
"CL","All","F","8","Agustina"
"CL","All","F","9","Josefa"
"CL","All","F","10","Mia"
"CL","All","M","1","Mateo"
"CL","All","M","2","Gaspar"
"CL","All","M","3","Santiago"
"CL","All","M","4","Lucas"
"CL","All","M","5","Benjamín"
"CL","All","M","6","Liam"
"CL","All","M","7","Agustín"
"CL","All","M","8","Vicente"
"CL","All","M","9","Maximiliano"
"CL","All","M","10","Tomás"
"CO","All","F","1","Antonella"
"CO","All","F","2","Isabella"
"CO","All","F","3","Luciana"
"CO","All","F","4","Celeste"
"CO","All","F","5","Victoria"
"CO","All","F","6","Gabriela"
"CO","All","F","7","Mariana"
"CO","All","F","8","Julieta"
"CO","All","F","9","Salomé"
"CO","All","F","10","Guadalupe"
"CO","All","M","1","Matías"
"CO","All","M","2","Jerónimo"
"CO","All","M","3","Gerónimo"
"CO","All","M","4","Emiliano"
"CO","All","M","5","Martín"
"CO","All","M","6","Samuel"
"CO","All","M","7","Thiago"
"CO","All","M","8","Emmanuel"
"CO","All","M","9","Maximiliano"
"CO","All","M","10","Isaac"
"CO","All","M","11","Santiago"
"CZ","All","F","1","Eliška"
"CZ","All","F","2","Anna"
"CZ","All","F","3","Adéla"
"CZ","All","F","4","Tereza"
"CZ","All","F","5","Sofie"
"CZ","All","F","6","Viktorie"
"CZ","All","F","7","Ema"
"CZ","All","F","8","Karolína"
"CZ","All","F","9","Natálie"
"CZ","All","F","10","Amálie"
"CZ","All","F","11","Julie"
"CZ","All","M","1","Jakub"
"CZ","All","M","2","Jan"
"CZ","All","M","3","Tomáš"
"CZ","All","M","4","Matyáš"
"CZ","All","M","5","Adam"
"CZ","All","M","6","Filip"
"CZ","All","M","7","Vojtěch"
"CZ","All","M","8","Lukáš"
"CZ","All","M","9","Martin"
"CZ","All","M","10","Matěj"
"DE","All","F","1","Emilia"
"DE","All","F","2","Mia"
"DE","All","F","3","Sophia"
"DE","All","F","4","Emma"
"DE","All","F","5","Hannah"
"DE","All","F","6","Lina"
"DE","All","F","7","Mila"
"DE","All","F","8","Ella"
"DE","All","F","9","Leni"
"DE","All","F","10","Clara"
"DE","All","M","1","Noah"
"DE","All","M","2","Matteo"
"DE","All","M","3","Elias"
"DE","All","M","4","Finn"
"DE","All","M","5","Leon"
"DE","All","M","6","Theo"
"DE","All","M","7","Paul"
"DE","All","M","8","Emil"
"DE","All","M","9","Henry"
"DE","All","M","10","Ben"
"DK","All","F","1","Ella"
"DK","All","F","2","Alma"
"DK","All","F","3","Nora"
"DK","All","F","4","Ida"
"DK","All","F","5","Freja"
"DK","All","F","6","Sofia"
"DK","All","F","7","Luna"
"DK","All","F","8","Olivia"
"DK","All","F","9","Agnes"
"DK","All","F","10","Asta"
"DK","All","F","11","Clara"
"DK","All","F","12","Emma"
"DK","All","F","13","Frida"
"DK","All","F","14","Alberte"
"DK","All","M","1","William"
"DK","All","M","2","Oscar"
"DK","All","M","3","Carl"
"DK","All","M","4","Malthe"
"DK","All","M","5","Emil"
"DK","All","M","6","Valdemar"
"DK","All","M","7","Noah"
"DK","All","M","8","Aksel"
"DK","All","M","9","August"
"DK","All","M","10","Theo"
"DZ","All","M","1","Omar"
"DZ","All","M","2","Abdelkader"
"DZ","All","M","3","Ahmed"
"DZ","All","M","4","Mohammed"
"DZ","All","M","5","Ali"
"DZ","All","M","6","Rachid"
"DZ","All","M","7","Said"
"DZ","All","M","8","Brahim"
"DZ","All","M","9","Omar"
"DZ","All","M","10","Djamel"
"DZ","All","F","1","Imene"
"DZ","All","F","2","Sara"
"DZ","All","F","3","Yasmine"
"DZ","All","F","4","Lyna"
"DZ","All","F","5","Maria"
"DZ","All","F","6","Amina"
"DZ","All","F","7","Meriem"
"DZ","All","F","8","Karima"
"DZ","All","F","9","Melissa"
"DZ","All","F","10","Lydia"
"EC","All","F","1","Mía"
"EC","All","F","2","Danna"
"EC","All","F","3","María"
"EC","All","F","4","Sofía"
"EC","All","F","5","Emma"
"EC","All","F","6","Emily"
"EC","All","F","7","Victoria"
"EC","All","F","8","Lía"
"EC","All","F","9","Aitana"
"EC","All","F","10","Isabella"
"EC","All","M","1","Liam"
"EC","All","M","2","Thiago"
"EC","All","M","3","Dylan"
"EC","All","M","4","José"
"EC","All","M","5","Ian"
"EC","All","M","6","Carlos"
"EC","All","M","7","Juan"
"EC","All","M","8","Luis"
"EC","All","M","9","Gael"
"EC","All","M","10","Ángel"
"EE","All","F","1","Sofia"
"EE","All","F","2","Mia"
"EE","All","F","3","Eva"
"EE","All","F","4","Lenna"
"EE","All","F","5","Marta"
"EE","All","F","6","Amelia"
"EE","All","F","7","Elli"
"EE","All","F","8","Maria"
"EE","All","F","9","Sandra"
"EE","All","F","10","Alisa"
"EE","All","M","1","Oskar"
"EE","All","M","2","Sebastian"
"EE","All","M","3","Mark"
"EE","All","M","4","Hugo"
"EE","All","M","5","Robin"
"EE","All","M","6","Martin"
"EE","All","M","7","David"
"EE","All","M","8","Lukas"
"EE","All","M","9","Aron"
"EE","All","M","10","Rasmus"
"EG","All","F","1","Mary"
"EG","All","F","2","Marie"
"EG","All","F","3","Mariam"
"EG","All","F","4","Marina"
"EG","All","F","5","Irene"
"EG","All","F","6","Malak"
"EG","All","F","7","Habiba"
"EG","All","F","8","Hana"
"EG","All","F","9","Farah"
"EG","All","F","10","Marwa"
"EG","All","F","11","Nada"
"EG","All","F","12","Salma"
"EG","All","M","1","Peter"
"EG","All","M","2","Pierre"
"EG","All","M","3","George"
"EG","All","M","4","John"
"EG","All","M","5","Mina"
"EG","All","M","6","Beshoi"
"EG","All","M","7","Kirollos"
"EG","All","M","8","Mark"
"EG","All","M","9","Fadi"
"EG","All","M","10","Habib"
"EG","All","F","1","Shaimaa"
"EG","All","F","2","Fatma"
"EG","All","F","3","Maha"
"EG","All","F","4","Reem"
"EG","All","F","5","Farida"
"EG","All","F","6","Aya"
"EG","All","F","7","Shahd"
"EG","All","F","8","Ashraqat"
"EG","All","F","9","Sahar"
"EG","All","F","10","Fatin"
"EG","All","F","11","Dalal"
"EG","All","F","12","Doha"
"EG","All","F","13","Fajr"
"EG","All","F","14","Suha"
"EG","All","F","15","Rowan"
"EG","All","F","16","Hosniya"
"EG","All","F","17","Hasnaa"
"EG","All","F","18","Hosna"
"EG","All","F","19","Gamila"
"EG","All","F","20","Gamalat"
"EG","All","F","21","Habiba"
"EG","All","M","1","Mohamed"
"EG","All","M","2","Youssef"
"EG","All","M","3","Ahmed"
"EG","All","M","4","Mahmoud"
"EG","All","M","5","Mustafa"
"EG","All","M","6","Yassin"
"EG","All","M","7","Taha"
"EG","All","M","8","Khaled"
"EG","All","M","9","Hamza"
"EG","All","M","10","Bilal"
"EG","All","M","11","Ibrahim"
"EG","All","M","12","Hassan"
"EG","All","M","13","Hussein"
"EG","All","M","14","Karim"
"EG","All","M","15","Tareq"
"EG","All","M","16","Abdel-Rahman"
"EG","All","M","17","Ali"
"EG","All","M","18","Omar"
"EG","All","M","19","Halim"
"EG","All","M","20","Murad"
"EG","All","M","21","Selim"
"EG","All","M","22","Abdallah"
"ES","Basque Country","F","1","Ane"
"ES","Basque Country","F","2","Laia"
"ES","Basque Country","F","3","June"
"ES","Basque Country","F","4","Nahia"
"ES","Basque Country","F","5","Maddi"
"ES","Basque Country","F","6","Malen"
"ES","Basque Country","F","7","Nora"
"ES","Basque Country","F","8","Irati"
"ES","Basque Country","F","9","Izaro"
"ES","Basque Country","F","10","Sara"
"ES","Basque Country","M","1","Markel"
"ES","Basque Country","M","2","Martín"
"ES","Basque Country","M","3","Julen"
"ES","Basque Country","M","4","Oihan"
"ES","Basque Country","M","5","Jon"
"ES","Basque Country","M","6","Aiur"
"ES","Basque Country","M","7","Aimar"
"ES","Basque Country","M","8","Ibai"
"ES","Basque Country","M","9","Luka"
"ES","Basque Country","M","10","Danel"
"ES","Catalonia","F","1","Júlia"
"ES","Catalonia","F","2","Martina"
"ES","Catalonia","F","3","Mia"
"ES","Catalonia","F","4","Emma"
"ES","Catalonia","F","5","Lucía"
"ES","Catalonia","F","6","Sofía"
"ES","Catalonia","F","7","Ona"
"ES","Catalonia","F","8","María"
"ES","Catalonia","F","9","Laia"
"ES","Catalonia","F","10","Paula"
"ES","Catalonia","M","1","Marc"
"ES","Catalonia","M","2","Nil"
"ES","Catalonia","M","3","Pol"
"ES","Catalonia","M","4","Jan"
"ES","Catalonia","M","5","Leo"
"ES","Catalonia","M","6","Pau"
"ES","Catalonia","M","7","Àlex"
"ES","Catalonia","M","8","Marti"
"ES","Catalonia","M","9","Biel"
"ES","Catalonia","M","10","Hugo"
"ES","Excluding Basque Country & Catalonia","F","1","Lucía"
"ES","Excluding Basque Country & Catalonia","F","2","Martina"
"ES","Excluding Basque Country & Catalonia","F","3","Sofía"
"ES","Excluding Basque Country & Catalonia","F","4","María"
"ES","Excluding Basque Country & Catalonia","F","5","Valeria"
"ES","Excluding Basque Country & Catalonia","F","6","Julia"
"ES","Excluding Basque Country & Catalonia","F","7","Paula"
"ES","Excluding Basque Country & Catalonia","F","8","Emma"
"ES","Excluding Basque Country & Catalonia","F","9","Daniela"
"ES","Excluding Basque Country & Catalonia","F","10","Carla"
"ES","Excluding Basque Country & Catalonia","M","1","Martín"
"ES","Excluding Basque Country & Catalonia","M","2","Hugo"
"ES","Excluding Basque Country & Catalonia","M","3","Mateo"
"ES","Excluding Basque Country & Catalonia","M","4","Leo"
"ES","Excluding Basque Country & Catalonia","M","5","Lucas"
"ES","Excluding Basque Country & Catalonia","M","6","Manuel"
"ES","Excluding Basque Country & Catalonia","M","7","Daniel"
"ES","Excluding Basque Country & Catalonia","M","8","Alejandro"
"ES","Excluding Basque Country & Catalonia","M","9","Pablo"
"ES","Excluding Basque Country & Catalonia","M","10","Álvaro"
"FI","All","F","1","Olivia"
"FI","All","F","2","Aino"
"FI","All","F","3","Aada"
"FI","All","F","4","Lilja"
"FI","All","F","5","Eevi"
"FI","All","F","6","Isla"
"FI","All","F","7","Helmi"
"FI","All","F","8","Venla"
"FI","All","F","9","Sofia"
"FI","All","F","10","Ellen"
"FI","All","M","1","Leo"
"FI","All","M","2","Väinö"
"FI","All","M","3","Eino"
"FI","All","M","4","Oliver"
"FI","All","M","5","Elias"
"FI","All","M","6","Onni"
"FI","All","M","7","Emil"
"FI","All","M","8","Eeli"
"FI","All","M","9","Toivo"
"FI","All","M","10","Leevi"
"FO","Faroe Islands","F","1","Lea"
"FO","Faroe Islands","F","2","Lív"
"FO","Faroe Islands","F","3","Emma"
"FO","Faroe Islands","F","4","Julia"
"FO","Faroe Islands","F","5","Ria"
"FO","Faroe Islands","F","6","Sólja"
"FO","Faroe Islands","F","7","Hjørdis"
"FO","Faroe Islands","F","8","Isabella"
"FO","Faroe Islands","F","9","Nora"
"FO","Faroe Islands","F","10","Ronja"
"FO","Faroe Islands","F","11","Sofía"
"FO","Faroe Islands","F","12","Vár"
"FO","Faroe Islands","M","1","Jónas"
"FO","Faroe Islands","M","2","Nóa"
"FO","Faroe Islands","M","3","Andrias"
"FO","Faroe Islands","M","4","Jógvan"
"FO","Faroe Islands","M","5","Markus"
"FO","Faroe Islands","M","6","Mattias"
"FO","Faroe Islands","M","7","Adrian"
"FO","Faroe Islands","M","8","Gilli"
"FO","Faroe Islands","M","9","Jákup"
"FO","Faroe Islands","M","10","Tróndur"
"FR","All","F","1","Jade"
"FR","All","F","2","Emma"
"FR","All","F","3","Louise"
"FR","All","F","4","Mia"
"FR","All","F","5","Alice"
"FR","All","F","6","Lina"
"FR","All","F","7","Ambre"
"FR","All","F","8","Rose"
"FR","All","F","9","Chloé"
"FR","All","F","10","Anna"
"FR","All","M","1","Léo"
"FR","All","M","2","Gabriel"
"FR","All","M","3","Raphaël"
"FR","All","M","4","Arthur"
"FR","All","M","5","Louis"
"FR","All","M","6","Maël"
"FR","All","M","7","Lucas"
"FR","All","M","8","Adam"
"FR","All","M","9","Tiago"
"FR","All","M","10","Hugo"
"GB","England","F","1","Olivia"
"GB","England","F","2","Amelia"
"GB","England","F","3","Isla"
"GB","England","F","4","Ava"
"GB","England","F","5","Ivy"
"GB","England","F","6","Florence"
"GB","England","F","7","Lily"
"GB","England","F","8","Freya"
"GB","England","F","9","Mia"
"GB","England","F","10","Willow"
"GB","England","M","1","Noah"
"GB","England","M","2","George"
"GB","England","M","3","Oliver"
"GB","England","M","4","Muhammad"
"GB","England","M","5","Arthur"
"GB","England","M","6","Leo"
"GB","England","M","7","Harry"
"GB","England","M","8","Oscar"
"GB","England","M","9","Henry"
"GB","England","M","10","Theodore"
"GB","Wales","F","1","Olivia"
"GB","Wales","F","2","Amelia"
"GB","Wales","F","3","Isla"
"GB","Wales","F","4","Freya"
"GB","Wales","F","5","Ivy"
"GB","Wales","F","6","Rosie"
"GB","Wales","F","7","Ava"
"GB","Wales","F","8","Grace"
"GB","Wales","F","9","Lily"
"GB","Wales","F","10","Evie"
"GB","Wales","F","11","Mia"
"GB","Wales","M","1","Noah"
"GB","Wales","M","2","Oliver"
"GB","Wales","M","3","Arthur"
"GB","Wales","M","4","Theo"
"GB","Wales","M","5","Leo"
"GB","Wales","M","6","Charlie"
"GB","Wales","M","7","Archie"
"GB","Wales","M","8","George"
"GB","Wales","M","9","Jack"
"GB","Wales","M","10","Oscar"
"GB","Northern Ireland","F","1","Grace"
"GB","Northern Ireland","F","2","Emily"
"GB","Northern Ireland","F","3","Fiadh"
"GB","Northern Ireland","F","4","Olivia"
"GB","Northern Ireland","F","5","Isla"
"GB","Northern Ireland","F","6","Aoife"
"GB","Northern Ireland","F","7","Lily"
"GB","Northern Ireland","F","8","Annie"
"GB","Northern Ireland","F","9","Evie"
"GB","Northern Ireland","F","10","Freya"
"GB","Northern Ireland","F","11","Amelia"
"GB","Northern Ireland","M","1","James"
"GB","Northern Ireland","M","2","Jack"
"GB","Northern Ireland","M","3","Noah"
"GB","Northern Ireland","M","4","Theo"
"GB","Northern Ireland","M","5","Charlie"
"GB","Northern Ireland","M","6","Oliver"
"GB","Northern Ireland","M","7","Oisin"
"GB","Northern Ireland","M","8","Harry"
"GB","Northern Ireland","M","9","Cillian"
"GB","Northern Ireland","M","10","Thomas"
"GB","Scotland","F","1","Olivia"
"GB","Scotland","F","2","Isla"
"GB","Scotland","F","3","Freya"
"GB","Scotland","F","4","Millie"
"GB","Scotland","F","5","Emily"
"GB","Scotland","F","6","Amelia"
"GB","Scotland","F","7","Grace"
"GB","Scotland","F","8","Sophie"
"GB","Scotland","F","9","Ava"
"GB","Scotland","F","10","Ella"
"GB","Scotland","F","11","Lily"
"GB","Scotland","F","12","Charlotte"
"GB","Scotland","M","1","Noah"
"GB","Scotland","M","2","Jack"
"GB","Scotland","M","3","Leo"
"GB","Scotland","M","4","Harris"
"GB","Scotland","M","5","Luca"
"GB","Scotland","M","6","Oliver"
"GB","Scotland","M","7","Rory"
"GB","Scotland","M","8","Archie"
"GB","Scotland","M","9","Alfie"
"GB","Scotland","M","10","James"
"GB","Scotland","M","11","Theo"
"GB","Scotland","M","12","Finlay"
"GB","Scotland","M","13","Lewis"
"GG","All","F","1","Olivia"
"GG","All","F","2","Charlotte"
"GG","All","F","3","Evie"
"GG","All","F","4","Florence"
"GG","All","F","5","Imogen"
"GG","All","F","6","Isla"
"GG","All","F","7","Penelope"
"GG","All","M","1","Luca"
"GG","All","M","2","Theodore"
"GG","All","M","3","Archie"
"GG","All","M","4","Leo"
"GG","All","M","5","Theo"
"GG","All","M","6","Arthur"
"GG","All","M","7","George"
"GG","All","M","8","Max"
"GG","All","M","9","Oscar"
"GG","All","M","10","Thomas"
"GG","All","M","11","William"
"GI","All","F","1","Sophia"
"GI","All","F","2","Ava"
"GI","All","F","3","Chloe"
"GI","All","F","4","Isabella"
"GI","All","F","5","Maya"
"GI","All","F","6","Olivia"
"GI","All","F","7","Anna"
"GI","All","F","8","Hannah"
"GI","All","M","1","Kai"
"GI","All","M","2","Max"
"GI","All","M","3","Daniel"
"GI","All","M","4","Hugo"
"GI","All","M","5","Jack"
"GI","All","M","6","Lucas"
"GI","All","M","7","Noah"
"GI","All","M","8","Oliver"
"GL","All","F","1","Ivaana"
"GL","All","F","2","Nivi"
"GL","All","F","3","Uiloq"
"GL","All","F","4","Niviaq"
"GL","All","F","5","Isabella"
"GL","All","F","6","Ivalu"
"GL","All","F","7","Pipaluk"
"GL","All","F","8","Malu"
"GL","All","F","9","Paninnguaq"
"GL","All","F","10","Aviana"
"GL","All","F","11","Maya"
"GL","All","F","12","Paneeraq"
"GL","All","M","1","Inuk"
"GL","All","M","2","Malik"
"GL","All","M","3","Minik"
"GL","All","M","4","Inunnguag"
"GL","All","M","5","Liam"
"GL","All","M","6","Ulloriaq"
"GL","All","M","7","Norsaq"
"GL","All","M","8","Aputsiaq"
"GL","All","M","9","Ivik"
"GL","All","M","10","Miki"
"GL","All","M","11","Maligiaq"
"GL","All","M","12","Noah"
"GL","All","M","13","Qillaq"
"GL","All","M","14","Inutsiaq"
"GL","All","M","15","Nuka"
"GL","All","M","16","Salik"
"GQ","All","F","1","María del Carmen"
"GQ","All","F","2","Isabel"
"GQ","All","F","3","María Teresa"
"GQ","All","F","4","Esperanza"
"GQ","All","F","5","Milagrosa"
"GQ","All","M","1","Manuel"
"GQ","All","M","2","Juan"
"GQ","All","M","3","Antonio"
"GQ","All","M","4","José"
"HR","All","F","1","Mia"
"HR","All","F","2","Lucija"
"HR","All","F","3","Nika"
"HR","All","F","4","Rita"
"HR","All","F","5","Ema"
"HR","All","F","6","Mila"
"HR","All","F","7","Marta"
"HR","All","F","8","Sara"
"HR","All","F","9","Ana"
"HR","All","F","10","Dora"
"HR","All","M","1","Luka"
"HR","All","M","2","David"
"HR","All","M","3","Jakov"
"HR","All","M","4","Ivan"
"HR","All","M","5","Roko"
"HR","All","M","6","Petar"
"HR","All","M","7","Mateo"
"HR","All","M","8","Niko"
"HR","All","M","9","Matej"
"HR","All","M","10","Fran"
"HR","All","M","11","Josip"
"HT","All","F","1","Widelene"
"HT","All","F","2","Mirlande"
"HT","All","F","3","Myrlande"
"HT","All","F","4","Islande"
"HT","All","F","5","Lovelie"
"HT","All","F","6","Lovely"
"HT","All","F","7","Judeline"
"HT","All","F","8","Angeline"
"HT","All","F","9","Esther"
"HT","All","F","10","Chedeline"
"HT","All","F","11","Jessica"
"HT","All","F","12","Rose-Merline"
"HT","All","M","1","Stevenson"
"HT","All","M","2","Stanley"
"HT","All","M","3","Samuel"
"HT","All","M","4","Peterson"
"HT","All","M","5","Daniel"
"HT","All","M","6","Wilson"
"HT","All","M","7","Jameson"
"HT","All","M","8","Evens"
"HT","All","M","9","Ricardo"
"HT","All","M","10","Emmanuel"
"HU","All","F","1","Hanna"
"HU","All","F","2","Zoé"
"HU","All","F","3","Anna"
"HU","All","F","4","Léna"
"HU","All","F","5","Luca"
"HU","All","F","6","Emma"
"HU","All","F","7","Boglárka"
"HU","All","F","8","Lili"
"HU","All","F","9","Lilien"
"HU","All","F","10","Lara"
"HU","All","M","1","Levente"
"HU","All","M","2","Máté"
"HU","All","M","3","Dominik"
"HU","All","M","4","Bence"
"HU","All","M","5","Olivér"
"HU","All","M","6","Noel"
"HU","All","M","7","Marcell"
"HU","All","M","8","Dániel"
"HU","All","M","9","Zalán"
"HU","All","M","10","Ádám"
"IE","All","F","1","Emily"
"IE","All","F","2","Grace"
"IE","All","F","3","Fiadh"
"IE","All","F","4","Sophie"
"IE","All","F","5","Lily"
"IE","All","F","6","Éabha"
"IE","All","F","7","Ava"
"IE","All","F","8","Mia"
"IE","All","F","9","Ellie"
"IE","All","F","10","Olivia"
"IE","All","M","1","Jack"
"IE","All","M","2","Noah"
"IE","All","M","3","James"
"IE","All","M","4","Rían"
"IE","All","M","5","Charlie"
"IE","All","M","6","Oisín"
"IE","All","M","7","Tadhg"
"IE","All","M","8","Liam"
"IE","All","M","9","Cillian"
"IE","All","M","10","Daniel"
"IL","All","M","1","Charbel"
"IL","All","M","2","Jude"
"IL","All","M","3","Niel"
"IL","All","M","4","Elias"
"IL","All","M","5","Liam"
"IL","All","M","6","George"
"IL","All","F","1","Lin"
"IL","All","F","2","Maria"
"IL","All","F","3","Sama"
"IL","All","F","4","Celine"
"IL","All","F","5","Leah"
"IL","All","M","1","Adam"
"IL","All","M","2","Taim"
"IL","All","M","3","Niel"
"IL","All","M","4","Amir"
"IL","All","M","5","Jude"
"IL","All","F","1","Mila"
"IL","All","F","2","Ayalah"
"IL","All","F","3","Lur"
"IL","All","F","4","Lin"
"IL","All","F","5","Yasmin"
"IL","All","M","1","Muhammad"
"IL","All","M","2","Ahmad"
"IL","All","M","3","Adam"
"IL","All","M","4","Yusef"
"IL","All","M","5","Omer"
"IL","All","M","6","Ali"
"IL","All","M","7","Abd"
"IL","All","M","8","Amir"
"IL","All","M","9","Ibrahim"
"IL","All","M","10","Mahmoud"
"IL","All","F","1","Maryam"
"IL","All","F","2","Shams"
"IL","All","F","3","Lyn"
"IL","All","F","4","Malek"
"IL","All","F","5","Jori"
"IL","All","F","6","Lian"
"IL","All","F","7","Mila"
"IL","All","F","8","Aline"
"IL","All","F","9","Nur"
"IL","All","F","10","Marya"
"IL","All","M","1","David"
"IL","All","M","2","Ariel"
"IL","All","M","3","Lavi"
"IL","All","M","4","Uri"
"IL","All","M","5","Refael"
"IL","All","M","6","Noam"
"IL","All","M","7","Eitan"
"IL","All","M","8","Ari"
"IL","All","M","9","Daniel"
"IL","All","M","10","Yehuda"
"IL","All","F","1","Avigail"
"IL","All","F","2","Tamar"
"IL","All","F","3","Noa"
"IL","All","F","4","Sarah"
"IL","All","F","5","Adele"
"IL","All","F","6","Maya"
"IL","All","F","7","Lia"
"IL","All","F","8","Ayala"
"IM","All","F","1","Lily"
"IM","All","F","2","Lillie"
"IM","All","F","3","Lilly"
"IM","All","F","4","Ella"
"IM","All","F","5","Emilia"
"IM","All","F","6","Emelia"
"IM","All","F","7","Emiliya"
"IM","All","F","8","Olivia"
"IM","All","F","9","Isla"
"IM","All","F","10","Isabella"
"IM","All","M","1","Noah"
"IM","All","M","2","Theo"
"IM","All","M","3","Theodore"
"IM","All","M","4","Jack"
"IM","All","M","5","Leo"
"IM","All","M","6","Alfie"
"IM","All","M","7","Archie"
"IM","All","M","8","Benjamin"
"IM","All","M","9","Edward"
"IN","All","F","1","Aditi"
"IN","All","F","2","Inaya"
"IN","All","F","3","Aarya"
"IN","All","F","4","Kiara"
"IN","All","F","5","Aadhya"
"IN","All","F","6","Vamika"
"IN","All","F","7","Pari"
"IN","All","F","8","Jiya"
"IN","All","F","9","Mehar"
"IN","All","F","10","Amayra"
"IN","All","M","1","Muhammad"
"IN","All","M","2","Shivansh"
"IN","All","M","3","Dhruv"
"IN","All","M","4","Kabir"
"IN","All","M","5","Vedant"
"IN","All","M","6","Kiaan"
"IN","All","M","7","Aarav"
"IN","All","M","8","Arjun"
"IN","All","M","9","Viraj"
"IN","All","M","10","Krishna"
"IQ","All","M","1","Ali"
"IQ","All","M","2","Muhammed"
"IQ","All","M","3","Hussein"
"IQ","All","M","4","Hydar"
"IQ","All","M","5","Ahmed"
"IQ","All","M","6","Omar"
"IQ","All","M","7","Hasan"
"IQ","All","M","8","Kathem"
"IQ","All","M","9","Abdullah"
"IQ","All","M","10","Ammar"
"IR","All","F","1","Fatemeh"
"IR","All","F","2","Zahra"
"IR","All","F","3","Helma"
"IR","All","F","4","Zeinab"
"IR","All","F","5","Yasna"
"IR","All","F","6","Ava"
"IR","All","F","7","Mersana"
"IR","All","F","8","Nazanin-Zahra"
"IR","All","F","9","Baran"
"IR","All","F","10","Fatemeh-Zahra"
"IR","All","M","1","Amir-Ali"
"IR","All","M","2","Mohammad"
"IR","All","M","3","Ali"
"IR","All","M","4","Amir-Hossein"
"IR","All","M","5","Hossein"
"IR","All","M","6","AbulFazl"
"IR","All","M","7","Amir-Abbas"
"IR","All","M","8","Samyar"
"IR","All","M","9","Mohammad-Taha"
"IR","All","M","10","Aria"
"IR","All","F","1","Fatemeh"
"IR","All","F","2","Zahra"
"IR","All","F","3","Maryam"
"IR","All","F","4","Ma'soumeh"
"IR","All","F","5","Sakineh"
"IR","All","F","6","Zeinab"
"IR","All","F","7","Roghayyeh"
"IR","All","F","8","Khadije"
"IR","All","F","9","Leyla"
"IR","All","F","10","Somayyeh"
"IR","All","M","1","Mohammad"
"IR","All","M","2","Ali"
"IR","All","M","3","Hossein"
"IR","All","M","4","Mahdi"
"IR","All","M","5","Hassan"
"IR","All","M","6","Reza"
"IR","All","M","7","Ahmad"
"IR","All","M","8","Mohammad-Reza"
"IR","All","M","9","Abbas"
"IR","All","M","10","Ali-Reza"
"IS","All","F","1","Embla"
"IS","All","F","2","Emilía"
"IS","All","F","3","Sara"
"IS","All","F","4","Sóley"
"IS","All","F","5","Aþena"
"IS","All","F","6","Matthildur"
"IS","All","F","7","Katla"
"IS","All","F","8","Guðrún"
"IS","All","F","9","Eva"
"IS","All","F","10","Saga"
"IS","All","F","11","Viktoría"
"IS","All","M","1","Aron"
"IS","All","M","2","Jökull"
"IS","All","M","3","Alexander"
"IS","All","M","4","Kári"
"IS","All","M","5","Emil"
"IS","All","M","6","Jón"
"IS","All","M","7","Óliver"
"IS","All","M","8","Matthías"
"IS","All","M","9","Mikael"
"IS","All","M","10","Atlas"
"IS","All","M","11","Elmar"
"IT","All","F","1","Sofia"
"IT","All","F","2","Aurora"
"IT","All","F","3","Giulia"
"IT","All","F","4","Ginevra"
"IT","All","F","5","Beatrice"
"IT","All","F","6","Alice"
"IT","All","F","7","Vittoria"
"IT","All","F","8","Emma"
"IT","All","F","9","Ludovica"
"IT","All","F","10","Matilde"
"IT","All","M","1","Leonardo"
"IT","All","M","2","Alessandro"
"IT","All","M","3","Tommaso"
"IT","All","M","4","Francesco"
"IT","All","M","5","Lorenzo"
"IT","All","M","6","Edoardo"
"IT","All","M","7","Mattia"
"IT","All","M","8","Riccardo"
"IT","All","M","9","Gabriele"
"IT","All","M","10","Andrea"
"JE","All","F","1","Willow"
"JE","All","F","2","Mia"
"JE","All","F","3","Aria"
"JE","All","F","4","Sienna"
"JE","All","F","5","Lily"
"JE","All","F","6","Daisy"
"JE","All","F","7","Olivia"
"JE","All","F","8","Emily"
"JE","All","F","9","Florence"
"JE","All","F","10","Valentina"
"JE","All","M","1","Arthur"
"JE","All","M","2","Noah"
"JE","All","M","3","Luca"
"JE","All","M","4","Leo"
"JE","All","M","5","Lucas"
"JE","All","M","6","Oliver"
"JE","All","M","7","Theodore"
"JE","All","M","8","Frederick"
"JE","All","M","9","Finn"
"JE","All","M","10","Albert"
"JM","All","F","1","Amelia"
"JM","All","F","2","Arianna"
"JM","All","F","3","Gianna"
"JM","All","F","4","Kyra"
"JM","All","F","5","Azora Kiara"
"JM","All","F","6","Azariah"
"JM","All","F","7","Aria"
"JM","All","F","8","Ariana"
"JM","All","F","9","Azaria"
"JM","All","M","1","Aiden"
"JM","All","M","2","Liam"
"JM","All","M","3","Malachi"
"JM","All","M","4","Amir"
"JM","All","M","5","thaniel"
"JM","All","M","6","Joshua"
"JM","All","M","7","Josiah"
"JM","All","M","8","Zahir"
"JM","All","M","9","than"
"JO","All","F","1","Jouri"
"JO","All","F","2","Salma"
"JO","All","F","3","Naya"
"JO","All","F","4","Mira"
"JO","All","F","5","Lianne"
"JO","All","F","6","Leen"
"JO","All","F","7","Zina"
"JO","All","F","8","Mariam"
"JO","All","F","9","Wateen"
"JO","All","F","10","Tuleen"
"JO","All","M","1","Mohammad"
"JO","All","M","2","Adam"
"JO","All","M","3","Ahmed"
"JO","All","M","4","Youssef"
"JO","All","M","5","Omar"
"JO","All","M","6","Karam"
"JO","All","M","7","Shahem"
"JO","All","M","8","Jad"
"JO","All","M","9","Ali"
"JO","All","M","10","Hashem"
"KW","All","F","1","Fatma"
"KW","All","F","2","Mariam"
"KW","All","F","3","Hussa"
"KW","All","F","4","Sherifa"
"KW","All","F","5","Sara"
"KW","All","F","6","Reem"
"KW","All","F","7","Aisha"
"KW","All","F","8","Dalal"
"KW","All","F","9","Lulwa"
"KW","All","F","10","Shaikha"
"KW","All","M","1","Mohammad"
"KW","All","M","2","Abdullah"
"KW","All","M","3","Fahad"
"KW","All","M","4","Khaled"
"KW","All","M","5","Ali"
"KW","All","M","6","Yousef"
"KW","All","M","7","Ahmed"
"KW","All","M","8","Abdulaziz"
"KW","All","M","9","Faisal"
"KW","All","M","10","Bader"
"LB","All","F","1","Marie"
"LB","All","F","2","Fatima"
"LB","All","F","3","Jessica"
"LB","All","F","4","Zeinab"
"LB","All","F","5","Mariam"
"LB","All","F","6","Sarah"
"LB","All","F","7","Maya"
"LB","All","F","8","Layla"
"LB","All","F","9","Christina"
"LB","All","F","10","Amal"
"LB","All","M","1","Elie"
"LB","All","M","2","Mohammad"
"LB","All","M","3","Charbel"
"LB","All","M","4","Ali"
"LB","All","M","5","Hassan"
"LB","All","M","6","Hussein"
"LB","All","M","7","George"
"LB","All","M","8","Ahmad"
"LB","All","M","9","Christian"
"LB","All","M","10","Joe"
"LI","All","F","1","Emilia"
"LI","All","F","2","Frida"
"LI","All","F","3","Frieda"
"LI","All","F","4","Mia"
"LI","All","F","5","Emma"
"LI","All","F","6","Melina"
"LI","All","F","7","Sofia"
"LI","All","F","8","Sophia"
"LI","All","M","1","Elias"
"LI","All","M","2","Elyas"
"LI","All","M","3","Louis"
"LI","All","M","4","Luis"
"LI","All","M","5","Leo"
"LI","All","M","6","Noah"
"LI","All","M","7","Paul"
"LI","All","M","8","Leano"
"LI","All","M","9","Luca"
"LI","All","M","10","Mattia"
"LI","All","M","11","Nelio"
"LI","All","M","12","Raphael"
"LI","All","M","13","Rafael"
"LI","All","M","14","Valentin"
"LT","All","F","1","Sofija"
"LT","All","F","2","Emilija"
"LT","All","F","3","Luknė"
"LT","All","F","4","Amelija"
"LT","All","F","5","Kamilė"
"LT","All","F","6","Lėja"
"LT","All","F","7","Gabija"
"LT","All","F","8","Patricija"
"LT","All","F","9","Elija"
"LT","All","F","10","Liepa"
"LT","All","M","1","Markas"
"LT","All","M","2","Benas"
"LT","All","M","3","Jokūbas"
"LT","All","M","4","Dominykas"
"LT","All","M","5","Herkus"
"LT","All","M","6","Lukas"
"LT","All","M","7","Jonas"
"LT","All","M","8","Matas"
"LT","All","M","9","Kajus"
"LT","All","M","10","Adomas"
"LU","All","F","1","Emma"
"LU","All","F","2","Lara"
"LU","All","F","3","Zoé"
"LU","All","F","4","Amy"
"LU","All","F","5","Sarah"
"LU","All","F","6","Charlotte"
"LU","All","F","7","Emily"
"LU","All","M","1","Gabriel"
"LU","All","M","2","Leo"
"LU","All","M","3","Luca"
"LU","All","M","4","Noah"
"LU","All","M","5","David"
"LU","All","M","6","Tom"
"LU","All","M","7","Ben"
"LV","All","F","1","Sofija"
"LV","All","F","2","Alise"
"LV","All","F","3","Marta"
"LV","All","F","4","Amēlija"
"LV","All","F","5","Paula"
"LV","All","F","6","Anna"
"LV","All","F","7","Emma"
"LV","All","F","8","Dārta"
"LV","All","F","9","Elza"
"LV","All","M","1","Marks"
"LV","All","M","2","Roberts"
"LV","All","M","3","Gustavs"
"LV","All","M","4","Jēkabs"
"LV","All","M","5","Emīls"
"LV","All","M","6","Kārlis"
"LV","All","M","7","Adrians"
"LV","All","M","8","Daniels"
"LV","All","M","9","Ralfs"
"LY","All","F","1","Aya"
"LY","All","F","2","Rania"
"LY","All","F","3","Sarah"
"LY","All","F","4","Reem"
"LY","All","F","5","Hoda"
"LY","All","F","6","Marwa"
"LY","All","F","7","Mona"
"LY","All","F","8","Fatima"
"LY","All","F","9","Eisha"
"LY","All","F","10","Nesreen"
"LY","All","M","1","Mohammed"
"LY","All","M","2","Ahmed"
"LY","All","M","3","Ali"
"LY","All","M","4","Hamza"
"LY","All","M","5","Ibrahim"
"LY","All","M","6","Mahmoud"
"LY","All","M","7","Abdallah"
"LY","All","M","8","Tareq"
"LY","All","M","9","Hassan"
"LY","All","M","10","Khaled"
"MA","All","F","1","Inès"
"MA","All","F","2","Noûr"
"MA","All","F","3","Aya"
"MA","All","F","4","Yasmine"
"MA","All","F","5","Assia"
"MA","All","F","6","Maryam"
"MA","All","F","7","Aïcha"
"MA","All","F","8","Nora"
"MA","All","F","9","Amira"
"MA","All","F","10","Amina"
"MA","All","M","1","Mohamed"
"MA","All","M","2","Amir"
"MA","All","M","3","Ibrahim"
"MA","All","M","4","Naïm"
"MA","All","M","5","Ayoub"
"MA","All","M","6","Youssef"
"MA","All","M","7","Younès"
"MA","All","M","8","Wassim"
"MA","All","M","9","Ali"
"MA","All","M","10","Amine"
"MC","All","F","1","Emma"
"MC","All","F","2","Victoria"
"MC","All","F","3","Alice"
"MC","All","F","4","Chloé"
"MC","All","F","5","Stella"
"MC","All","M","1","Leonardo"
"MC","All","M","2","Gabriel"
"MC","All","M","3","Raphaël"
"MC","All","M","4","Aaron"
"MC","All","M","5","Louis"
"MD","All","F","1","Sofia"
"MD","All","F","2","Amelia"
"MD","All","F","3","Victoria"
"MD","All","F","4","Daria"
"MD","All","F","5","Anastasia"
"MD","All","F","6","Maria"
"MD","All","F","7","Eva"
"MD","All","F","8","Alexandra"
"MD","All","F","9","Evelina"
"MD","All","F","10","Emma"
"MD","All","M","1","David"
"MD","All","M","2","Matei"
"MD","All","M","3","Maxim"
"MD","All","M","4","Daniel"
"MD","All","M","5","Bogdan"
"MD","All","M","6","Alexandru"
"MD","All","M","7","Damian"
"MD","All","M","8","Mark"
"MD","All","M","9","Artiom"
"MD","All","M","10","Ion"
"ME","All","F","1","Jelena"
"ME","All","F","2","Milica"
"ME","All","F","3","Marija"
"ME","All","F","4","Ivana"
"ME","All","F","5","Milena"
"ME","All","F","6","Ana"
"ME","All","F","7","Dragana"
"ME","All","F","8","Radmila"
"ME","All","F","9","Vesna"
"ME","All","F","10","Ljiljana"
"ME","All","M","1","Nikola"
"ME","All","M","2","Marko"
"ME","All","M","3","Dragan"
"ME","All","M","4","Miloš"
"ME","All","M","5","Zoran"
"ME","All","M","6","Milan"
"ME","All","M","7","Aleksandar"
"ME","All","M","8","Ivan"
"ME","All","M","9","Petar"
"ME","All","M","10","Luka"
"MK","All","F","1","Jana"
"MK","All","F","2","Sofija"
"MK","All","F","4","Mila"
"MK","All","F","5","Hana"
"MK","All","F","6","Bisera"
"MK","All","F","7","Sara"
"MK","All","F","8","Jovana"
"MK","All","F","9","Eva"
"MK","All","F","10","Darija"
"MK","All","M","1","Luka"
"MK","All","M","2","Damjan"
"MK","All","M","3","Mihail"
"MK","All","M","4","Marko"
"MK","All","M","5","Jovan"
"MK","All","M","6","David"
"MK","All","M","7","Jakov"
"MK","All","M","8","Petar"
"MK","All","M","9","Matej"
"MK","All","M","10","Stefan"
"ML","All","F","1","Fatoumata"
"ML","All","F","2","Mariam"
"ML","All","F","3","Aminata"
"ML","All","F","4","Hawa"
"ML","All","F","5","Awa"
"ML","All","F","6","Oumou"
"ML","All","F","7","Djeneba"
"ML","All","F","8","Bintou"
"ML","All","F","9","Fanta"
"ML","All","F","10","Kadiatou"
"ML","All","M","1","Mamadou"
"ML","All","M","2","Moussa"
"ML","All","M","3","Mahamadou"
"ML","All","M","4","Adama"
"ML","All","M","5","Bakary"
"ML","All","M","6","Abdoulaye"
"ML","All","M","7","Modibo"
"ML","All","M","8","Oumar"
"ML","All","M","9","Sekou"
"ML","All","M","10","Souleymane"
"MN","All","F","1","Odval"
"MN","All","F","2","Bolormaa"
"MN","All","F","3","Bayarmaa"
"MN","All","F","4","Oyunbileg"
"MN","All","F","5","Khongordzol"
"MN","All","M","1","Naranbaatar"
"MN","All","M","2","Batkhaаn"
"MN","All","M","3","Baаtar"
"MN","All","M","4","Chuluun"
"MN","All","M","5","Sukhbaаtar"
"MT","All","F","1","Mia"
"MT","All","F","2","Emma"
"MT","All","F","3","Nina"
"MT","All","F","4","Giulia"
"MT","All","M","1","Luca"
"MT","All","M","2","Liam"
"MT","All","M","3","Noah"
"MT","All","M","4","Matteo"
"MX","All","F","1","Sofía"
"MX","All","F","2","Valentina"
"MX","All","F","3","Regina"
"MX","All","F","4","María José"
"MX","All","F","5","Ximena"
"MX","All","F","6","Camila"
"MX","All","F","7","María Fernanda"
"MX","All","F","8","Valeria"
"MX","All","F","9","Victoria"
"MX","All","F","10","Renata"
"MX","All","M","1","Santiago"
"MX","All","M","2","Mateo"
"MX","All","M","3","Sebastián"
"MX","All","M","4","Leordo"
"MX","All","M","5","Matías"
"MX","All","M","6","Emiliano"
"MX","All","M","7","Diego"
"MX","All","M","8","Daniel"
"MX","All","M","9","Miguel Ángel"
"MX","All","M","10","Alexander"
"MY","All","F","1","Nur"
"MY","All","F","2","Wan"
"MY","All","F","3","Nurul"
"MY","All","F","4","Aisyah"
"MY","All","F","5","Maryam"
"MY","All","F","6","Siti"
"MY","All","F","7","Dhia"
"MY","All","F","8","Naura"
"MY","All","F","9","Ayra"
"MY","All","F","10","Puteri"
"MY","All","M","1","Muhamad"
"MY","All","M","2","Ahmad"
"MY","All","M","3","Adam"
"MY","All","M","4","Amar"
"MY","All","M","5","Wan"
"MY","All","M","6","Iman"
"MY","All","M","7","Harraz"
"MY","All","M","8","Izz"
"MY","All","M","9","Umar"
"MY","All","M","10","Aariz"
"NL","All","F","1","Emma"
"NL","All","F","2","Julia"
"NL","All","F","3","Mila"
"NL","All","F","4","Sophie"
"NL","All","F","5","Olivia"
"NL","All","F","6","Yara"
"NL","All","F","7","Saar"
"NL","All","F","8","Nora"
"NL","All","F","9","Tess"
"NL","All","F","10","Noor"
"NL","All","M","1","Noah"
"NL","All","M","2","Liam"
"NL","All","M","3","Luca"
"NL","All","M","4","Lucas"
"NL","All","M","5","Mees"
"NL","All","M","6","Finn"
"NL","All","M","7","James"
"NL","All","M","8","Milan"
"NL","All","M","9","Levi"
"NL","All","M","10","Sem"
"NO","All","F","1","Nora"
"NO","All","F","2","Emma"
"NO","All","F","3","Olivia"
"NO","All","F","4","Ella"
"NO","All","F","5","Sofie"
"NO","All","F","6","Leah"
"NO","All","F","7","Frida"
"NO","All","F","8","Iben"
"NO","All","F","9","Sofia"
"NO","All","F","10","Sara"
"NO","All","M","1","Jakob"
"NO","All","M","2","Noah"
"NO","All","M","3","Emil"
"NO","All","M","4","Lucas"
"NO","All","M","5","Oliver"
"NO","All","M","6","Isak"
"NO","All","M","7","William"
"NO","All","M","8","Filip"
"NO","All","M","9","Aksel"
"NO","All","M","10","Theodor"
"NP","All","F","1","Shristi"
"NP","All","F","2","Sunita"
"NP","All","F","3","Rabina"
"NP","All","F","4","Asmita"
"NP","All","F","5","Niharika"
"NP","All","F","6","Binita"
"NP","All","F","7","Aasha"
"NP","All","F","8","Kabita"
"NP","All","F","9","Sita"
"NP","All","F","10","Gita"
"NP","All","M","1","Krishna"
"NP","All","M","2","Kiran"
"NP","All","M","3","Bishal"
"NP","All","M","4","Bibek"
"NP","All","M","5","Siddhartha"
"NP","All","M","6","Manish"
"NP","All","M","7","Mahesh"
"NP","All","M","8","Kamal"
"NP","All","M","9","Prem"
"NP","All","M","10","Prakash"
"NZ","All","F","1","Mia"
"NZ","All","F","2","Aria"
"NZ","All","F","3","Maia"
"NZ","All","F","4","Aurora"
"NZ","All","F","5","Amaia"
"NZ","All","F","6","Kiara"
"NZ","All","F","7","Kaia"
"NZ","All","F","8","Amara"
"NZ","All","F","9","Kora"
"NZ","All","F","10","Maria"
"NZ","All","M","1","Nikau"
"NZ","All","M","2","Ari"
"NZ","All","M","3","Niko"
"NZ","All","M","4","Koa"
"NZ","All","M","5","Mateo"
"NZ","All","M","6","Keanu"
"NZ","All","M","7","Mikaere"
"NZ","All","M","8","Manaia"
"NZ","All","M","9","Kairo"
"NZ","All","M","10","Kiwa"
"NZ","All","F","1","Isla"
"NZ","All","F","2","Amelia"
"NZ","All","F","3","Charlotte"
"NZ","All","F","4","Mila"
"NZ","All","F","5","Lily"
"NZ","All","F","6","Ava"
"NZ","All","F","7","Willow"
"NZ","All","F","8","Olivia"
"NZ","All","F","9","Harper"
"NZ","All","F","10","Sophie"
"NZ","All","M","1","Oliver"
"NZ","All","M","2","Noah"
"NZ","All","M","3","Leo"
"NZ","All","M","4","Jack"
"NZ","All","M","5","Luca"
"NZ","All","M","6","Theodore"
"NZ","All","M","7","George"
"NZ","All","M","8","Charlie"
"NZ","All","M","9","Hudson"
"NZ","All","M","10","William"
"PA","All","F","1","Mía"
"PA","All","F","2","Emma"
"PA","All","F","3","Lía"
"PA","All","F","4","Ana"
"PA","All","F","5","Isabella"
"PA","All","F","6","Sofía"
"PA","All","F","7","María"
"PA","All","F","8","Camila"
"PA","All","F","9","Emily"
"PA","All","F","10","Lucía"
"PA","All","M","1","Thiago"
"PA","All","M","2","Matías"
"PA","All","M","3","Ian"
"PA","All","M","4","Lucas"
"PA","All","M","5","Dylan"
"PA","All","M","6","Luis"
"PA","All","M","7","Juan"
"PA","All","M","8","Eithan"
"PA","All","M","9","Carlos"
"PA","All","M","10","Liam"
"PE","All","F","1","Mia"
"PE","All","F","2","Camila"
"PE","All","F","3","Alessia"
"PE","All","F","4","Luciana"
"PE","All","F","5","Zoe"
"PE","All","F","6","Valentina"
"PE","All","F","7","Aitana"
"PE","All","F","8","Danna"
"PE","All","F","9","Luana"
"PE","All","F","10","Ariana"
"PE","All","M","1","Liam"
"PE","All","M","2","Thiago"
"PE","All","M","3","Dylan"
"PE","All","M","4","Gael"
"PE","All","M","5","Mateo"
"PE","All","M","6","Ian"
"PE","All","M","7","Luis"
"PE","All","M","8","Lucas"
"PE","All","M","9","Santiago"
"PE","All","M","10","Juan"
"PF","Tahiti","F","1","Tiare"
"PF","Tahiti","F","2","Hinano"
"PF","Tahiti","F","3","Poema"
"PF","Tahiti","F","4","Maeva"
"PF","Tahiti","F","5","Hina"
"PF","Tahiti","F","6","Vaea"
"PF","Tahiti","F","7","Titaua"
"PF","Tahiti","F","8","Moea"
"PF","Tahiti","F","9","Moeata"
"PF","Tahiti","F","10","Tarita"
"PF","Tahiti","F","11","Titaina"
"PF","Tahiti","F","12","Teura"
"PF","Tahiti","F","13","Heikapu"
"PF","Tahiti","F","14","Mareva"
"PF","Tahiti","M","1","Hiro"
"PF","Tahiti","M","2","Teiki"
"PF","Tahiti","M","3","Moana"
"PF","Tahiti","M","4","Manua"
"PF","Tahiti","M","5","Marama"
"PF","Tahiti","M","6","Teiva"
"PF","Tahiti","M","7","Teva"
"PF","Tahiti","M","8","Maui"
"PF","Tahiti","M","9","Tehei"
"PF","Tahiti","M","10","Tamatoa"
"PF","Tahiti","M","11","Ioane"
"PF","Tahiti","M","12","Tapuarii"
"PH","All","F","1","Althea"
"PH","All","F","2","Angel"
"PH","All","F","3","Samantha"
"PH","All","F","4","Sophia"
"PH","All","F","5","Sofia"
"PH","All","F","6","Andrea"
"PH","All","F","7","Nathalie"
"PH","All","F","8","Princess"
"PH","All","F","9","Angela"
"PH","All","F","10","Chloe"
"PH","All","M","1","Jacob"
"PH","All","M","2","Nathaniel"
"PH","All","M","3","Gabriel"
"PH","All","M","4","Ezekiel"
"PH","All","M","5","Nathan"
"PH","All","M","6","Ethan"
"PH","All","M","7","Angelo"
"PH","All","M","8","James"
"PH","All","M","9","Matthew"
"PH","All","M","10","Zion"
"PK","All","F","1","Fatima"
"PK","All","F","2","Fozia"
"PK","All","F","3","Bismah"
"PK","All","F","4","Sobia"
"PK","All","F","5","Farrah"
"PK","All","F","6","Maryam"
"PK","All","F","7","Farzana"
"PK","All","F","8","Ayesha"
"PK","All","F","9","Sakeena"
"PK","All","F","10","Zainab"
"PK","All","M","1","Mohammad"
"PK","All","M","2","Ali"
"PK","All","M","3","Hussain"
"PK","All","M","4","Omar"
"PK","All","M","5","Bilal"
"PK","All","M","6","Usman"
"PK","All","M","7","Zahid"
"PK","All","M","8","Shahid"
"PK","All","M","9","Saqib"
"PK","All","M","10","Nomaan"
"PL","All","F","1","Zofia"
"PL","All","F","2","Zuzanna"
"PL","All","F","3","Hanna"
"PL","All","F","4","Maja"
"PL","All","F","5","Laura"
"PL","All","F","6","Julia"
"PL","All","F","7","Oliwia"
"PL","All","F","8","Alicja"
"PL","All","F","9","Lena"
"PL","All","F","10","Pola"
"PL","All","M","1","Antoni"
"PL","All","M","2","Jan"
"PL","All","M","3","Aleksander"
"PL","All","M","4","Franciszek"
"PL","All","M","5","Nikodem"
"PL","All","M","6","Jakub"
"PL","All","M","7","Leon"
"PL","All","M","8","Stanisław"
"PL","All","M","9","Mikołaj"
"PL","All","M","10","Szymon"
"PR","All","F","1","Valentina"
"PR","All","F","2","Emma"
"PR","All","F","3","Victoria"
"PR","All","F","4","Luna"
"PR","All","F","5","Aurora"
"PR","All","F","6","Amaia"
"PR","All","F","7","Catalina"
"PR","All","F","8","Mía"
"PR","All","F","9","Milena"
"PR","All","F","10","Gianna"
"PR","All","M","1","Liam"
"PR","All","M","2","Thiago"
"PR","All","M","3","Noah"
"PR","All","M","4","Mateo"
"PR","All","M","5","Sebastián"
"PR","All","M","6","Lucas"
"PR","All","M","7","Dylan"
"PR","All","M","8","Ian"
"PR","All","M","9","Nicolás"
"PR","All","M","10","Ethan"
"PT","All","F","1","Maria"
"PT","All","F","2","Alice"
"PT","All","F","3","Leonor"
"PT","All","F","4","Matilde"
"PT","All","F","5","Benedita"
"PT","All","F","6","Carolina"
"PT","All","F","7","Beatriz"
"PT","All","F","8","Margarida"
"PT","All","F","9","Francisca"
"PT","All","F","10","Camila"
"PT","All","M","1","Francisco"
"PT","All","M","2","Afonso"
"PT","All","M","3","João"
"PT","All","M","4","Tomás"
"PT","All","M","5","Duarte"
"PT","All","M","6","Lourenço"
"PT","All","M","7","Santiago"
"PT","All","M","8","Martim"
"PT","All","M","9","Miguel"
"PT","All","M","10","Gabriel"
"PY","All","F","1","María"
"PY","All","F","2","Elizabeth"
"PY","All","F","3","Beatriz"
"PY","All","F","4","Ramona"
"PY","All","F","5","Liz"
"PY","All","F","6","Concepción"
"PY","All","F","7","Carolina"
"PY","All","F","8","Mabel"
"PY","All","F","9","Raquel"
"PY","All","F","10","Noemí"
"PY","All","M","1","Ramón"
"PY","All","M","2","Juan"
"PY","All","M","3","José"
"PY","All","M","4","Antonio"
"PY","All","M","5","Carlos"
"PY","All","M","6","Daniel"
"PY","All","M","7","Luis"
"PY","All","M","8","Javier"
"PY","All","M","9","David"
"PY","All","M","10","César"
"RO","All","F","1","Sofia"
"RO","All","F","2","Amelia"
"RO","All","F","3","Anastasia"
"RO","All","F","4","Maria"
"RO","All","F","5","Victoria"
"RO","All","F","6","Daria"
"RO","All","F","7","Eva"
"RO","All","F","8","Alexandra"
"RO","All","F","9","Evelina"
"RO","All","F","10","Andreea"
"RO","All","M","1","David"
"RO","All","M","2","Matei"
"RO","All","M","3","Bogdan"
"RO","All","M","4","Maxim"
"RO","All","M","5","Alexandru"
"RO","All","M","6","Damian"
"RO","All","M","7","Daniel"
"RO","All","M","8","Artiom"
"RO","All","M","9","Ion"
"RO","All","M","10","Gabriel"
"RS","All","F","1","Milica"
"RS","All","F","2","Jelena"
"RS","All","F","3","Marija"
"RS","All","F","4","Mirjana"
"RS","All","F","5","Dragana"
"RS","All","F","6","Snežana"
"RS","All","F","7","Ljiljana"
"RS","All","F","8","Ivana"
"RS","All","F","9","Ana"
"RS","All","F","10","Gordana"
"RS","All","M","1","Dragan"
"RS","All","M","2","Milan"
"RS","All","M","3","Aleksandar"
"RS","All","M","4","Zoran"
"RS","All","M","5","Nikola"
"RS","All","M","6","Miloš"
"RS","All","M","7","Marko"
"RS","All","M","8","Goran"
"RS","All","M","9","Dušan"
"RS","All","M","10","Dejan"
"RU","All","F","1","Anastasia"
"RU","All","F","2","Yelena"
"RU","All","F","3","Olga"
"RU","All","F","4","Natalia"
"RU","All","F","5","Yekaterina"
"RU","All","F","6","Anna"
"RU","All","F","7","Tatiana"
"RU","All","F","8","Maria"
"RU","All","F","9","Irina"
"RU","All","F","10","Yulia"
"RU","All","M","1","Alexander"
"RU","All","M","2","Sergei"
"RU","All","M","3","Dmitry"
"RU","All","M","4","Andrei"
"RU","All","M","5","Alexey"
"RU","All","M","6","Maxim"
"RU","All","M","7","Evgeny"
"RU","All","M","8","Ivan"
"RU","All","M","9","Mikhail"
"RU","All","M","10","Artyom"
"RU","Moscow","F","1","Sofiya"
"RU","Moscow","F","2","Mariya"
"RU","Moscow","F","3","Anna"
"RU","Moscow","F","4","Alisa"
"RU","Moscow","F","5","Eva"
"RU","Moscow","F","6","Viktoriya"
"RU","Moscow","F","7","Polina"
"RU","Moscow","F","8","Alexandra"
"RU","Moscow","F","9","Elizaveta"
"RU","Moscow","F","10","Varvara"
"RU","Moscow","M","1","Alexander"
"RU","Moscow","M","2","Mikhail"
"RU","Moscow","M","3","Maxim"
"RU","Moscow","M","4","Lev"
"RU","Moscow","M","5","Artyom"
"RU","Moscow","M","6","Mark"
"RU","Moscow","M","7","Ivan"
"RU","Moscow","M","8","Dmitry"
"RU","Moscow","M","9","Matvey"
"RU","Moscow","M","10","Daniil"
"SA","All","F","1","Sara"
"SA","All","F","2","Latifa"
"SA","All","F","3","Nora"
"SA","All","F","4","Hessa"
"SA","All","F","5","Maysoun"
"SA","All","F","6","Maha"
"SA","All","F","7","Nouf"
"SA","All","F","8","Noor"
"SA","All","F","9","Reema"
"SA","All","F","10","Alanoud"
"SA","All","M","1","Mohammad"
"SA","All","M","2","Fahd"
"SA","All","M","3","Abdullah"
"SA","All","M","4","Abdulrahman"
"SA","All","M","5","Turki"
"SA","All","M","6","Bandar"
"SA","All","M","7","Omar"
"SA","All","M","8","Ali"
"SI","All","F","1","Ema"
"SI","All","F","2","Zala"
"SI","All","F","3","Mia"
"SI","All","F","4","Julija"
"SI","All","F","5","Hana"
"SI","All","F","6","Sofija"
"SI","All","F","7","Ajda"
"SI","All","F","8","Vita"
"SI","All","F","9","Lana"
"SI","All","F","10","Neža"
"SI","All","F","11","Nika"
"SI","All","F","12","Mila"
"SI","All","F","13","Sara"
"SI","All","M","1","Filip"
"SI","All","M","2","Luka"
"SI","All","M","3","Nik"
"SI","All","M","4","Mark"
"SI","All","M","5","Jakob"
"SI","All","M","6","Liam"
"SI","All","M","7","Lan"
"SI","All","M","8","Oskar"
"SI","All","M","9","Tim"
"SI","All","M","10","Lovro"
"SI","All","M","11","Žan"
"SK","All","F","1","Sofia"
"SK","All","F","2","Eliška"
"SK","All","F","3","Nina"
"SK","All","F","4","Ema"
"SK","All","F","5","Viktória"
"SK","All","F","6","Natália"
"SK","All","F","7","Nela"
"SK","All","F","8","Sára"
"SK","All","F","9","Mia"
"SK","All","F","10","Olivia"
"SK","All","M","1","Jakub"
"SK","All","M","2","Samuel"
"SK","All","M","3","Adam"
"SK","All","M","4","Michal"
"SK","All","M","5","Oliver"
"SK","All","M","6","Filip"
"SK","All","M","7","Tomáš"
"SK","All","M","8","Martin"
"SK","All","M","9","Matej"
"SK","All","M","10","Richard"
"SM","All","F","1","Aurora"
"SM","All","F","2","Sofia"
"SM","All","M","1","Tommaso"
"SM","All","M","2","Edoardo"
"SM","All","M","3","Leonardo"
"SV","All","F","1","Astrid"
"SV","All","F","2","Maja"
"SV","All","F","3","Alma"
"SV","All","F","4","Vera"
"SV","All","F","5","Freja"
"SV","All","F","6","Leah"
"SV","All","F","7","Ella"
"SV","All","F","8","Alice"
"SV","All","F","9","Selma"
"SV","All","F","10","Lilly"
"SV","All","M","1","William"
"SV","All","M","2","Liam"
"SV","All","M","3","Noah"
"SV","All","M","4","Hugo"
"SV","All","M","5","Oliver"
"SV","All","M","6","Lucas"
"SV","All","M","7","Nils"
"SV","All","M","8","Matteo"
"SV","All","M","9","Valter"
"SV","All","M","10","August"
"TH","All","M","1","Somchai"
"TH","All","M","2","Somsak"
"TH","All","M","3","Somporn"
"TH","All","M","4","Somboon"
"TH","All","M","5","Prasert"
"TJ","All","F","1","Sumayah"
"TJ","All","F","2","Asiya"
"TJ","All","F","3","Oisha"
"TJ","All","F","4","Googoosh"
"TJ","All","F","5","Anohito"
"TJ","All","F","6","Indira"
"TJ","All","M","1","Muhammad"
"TJ","All","M","2","Yusuf"
"TJ","All","M","3","Abdullo"
"TJ","All","M","4","Abubakr"
"TN","All","F","1","Mariam"
"TN","All","F","2","Shayma"
"TN","All","F","3","Khawla"
"TN","All","M","1","Mehdi"
"TN","All","M","2","Youssef"
"TN","All","M","3","Aziz"
"TN","All","M","4","Karim"
"TR","All","F","1","Fatma"
"TR","All","F","2","Ayşe"
"TR","All","F","3","Emine"
"TR","All","F","4","Hatice"
"TR","All","F","5","Zeynep"
"TR","All","F","6","Elif"
"TR","All","F","7","Meryem"
"TR","All","F","8","Şerife"
"TR","All","F","9","Zehra"
"TR","All","F","10","Sultan"
"TR","All","M","1","Mehmet"
"TR","All","M","2","Mustafa"
"TR","All","M","3","Ahmet"
"TR","All","M","4","Ali"
"TR","All","M","5","Hüseyin"
"TR","All","M","6","Hasan"
"TR","All","M","7","Ibrahim"
"TR","All","M","8","İsmail"
"TR","All","M","9","Osman"
"TR","All","M","10","Yusuf"
"TR","All","F","1","Zeynep"
"TR","All","F","2","Elif"
"TR","All","F","3","Asel"
"TR","All","F","4","Asya"
"TR","All","F","5","Defne"
"TR","All","F","6","Nehir"
"TR","All","F","7","Azra"
"TR","All","F","8","Zümra"
"TR","All","F","9","Eylül"
"TR","All","F","10","Ecrin"
"TR","All","M","1","Yusuf"
"TR","All","M","2","Alparslan"
"TR","All","M","3","Miraç"
"TR","All","M","4","Ömer Asaf"
"TR","All","M","5","Eymen"
"TR","All","M","6","Göktug"
"TR","All","M","7","Ömer"
"TR","All","M","8","Mustafa"
"TR","All","M","9","Aras"
"TR","All","M","10","Ali Asaf"
"UA","All","F","1","Anna"
"UA","All","F","2","Anastasiya"
"UA","All","F","3","Veronika"
"UA","All","F","4","Sofiya"
"UA","All","F","5","Oleksandra"
"UA","All","F","6","Mariya"
"UA","All","F","7","Viktoriya"
"UA","All","F","8","Milana"
"UA","All","F","9","Yeva"
"UA","All","F","10","Solomiya"
"UA","All","M","1","Artem"
"UA","All","M","2","Dmytro"
"UA","All","M","3","Ivan"
"UA","All","M","4","Maksym"
"UA","All","M","5","Mykhaylo"
"UA","All","M","6","Danylo"
"UA","All","M","7","Vladyslav"
"UA","All","M","8","Oleksandr"
"UA","All","M","9","Andriy"
"US","All","F","1","Mary"
"US","All","F","2","Patricia"
"US","All","F","3","Linda"
"US","All","F","4","Barbara"
"US","All","F","5","Elizabeth"
"US","All","F","6","Jennifer"
"US","All","F","7","Maria"
"US","All","F","8","Susan"
"US","All","F","9","Margaret"
"US","All","F","10","Dorothy"
"US","All","M","1","James"
"US","All","M","2","John"
"US","All","M","3","Robert"
"US","All","M","4","Michael"
"US","All","M","5","William"
"US","All","M","6","David"
"US","All","M","7","Richard"
"US","All","M","8","Charles"
"US","All","M","9","Joseph"
"US","All","M","10","Thomas"
"US","All","F","1","Olivia"
"US","All","F","2","Emma"
"US","All","F","3","Charlotte"
"US","All","F","4","Amelia"
"US","All","F","5","Sophia"
"US","All","F","6","Isabella"
"US","All","F","7","Ava"
"US","All","F","8","Mia"
"US","All","F","9","Evelyn"
"US","All","F","10","Luna"
"US","All","M","1","Liam"
"US","All","M","2","Noah"
"US","All","M","3","Oliver"
"US","All","M","4","James"
"US","All","M","5","Elijah"
"US","All","M","6","William"
"US","All","M","7","Henry"
"US","All","M","8","Lucas"
"US","All","M","9","Benjamin"
"US","All","M","10","Theodore"
"UY","All","F","1","María"
"UY","All","F","2","Maria"
"UY","All","F","3","Isabella"
"UY","All","F","4","Valentina"
"UY","All","F","5","Emma"
"UY","All","F","6","Martina"
"UY","All","F","7","Catalina"
"UY","All","M","1","Juan"
"UY","All","M","2","Benjamín"
"UY","All","M","3","Mateo"
"VE","All","F","1","Camila"
"VE","All","F","2","Isabella"
"VE","All","F","3","Sofía"
"VE","All","F","4","Victoria"
"VE","All","F","5","Valentina"
"VE","All","F","6","Valeria"
"VE","All","F","7","Nicole"
"VE","All","F","8","Samantha"
"VE","All","F","9","Mariana"
"VE","All","F","10","Antonella"
"VE","All","M","1","Sebastián"
"VE","All","M","2","Santiago"
"VE","All","M","3","Samuel"
"VE","All","M","4","Diego"
"VE","All","M","5","Gabriel"
"VE","All","M","6","Alejandro"
"VE","All","M","7","Diego Alejandro"
"VE","All","M","8","Daniel Alejandro"
"VE","All","M","9","David"
"VE","All","M","10","Juan Andrés"
"ZA","All","F","1","Melokuhle"
"ZA","All","F","2","Omphile"
"ZA","All","F","3","Iminathi"
"ZA","All","F","4","Lisakhanya"
"ZA","All","F","5","Lethabo"
"ZA","All","F","6","Amahle"
"ZA","All","F","7","Lesedi"
"ZA","All","F","8","Rethabile"
"ZA","All","F","9","Lethokuhle"
"ZA","All","F","10","Asemahle"
"ZA","All","M","1","Lethabo"
"ZA","All","M","2","Lubanzi"
"ZA","All","M","3","Melokuhle"
"ZA","All","M","4","Junior"
"ZA","All","M","5","Lethokuhle"
"ZA","All","M","6","Siphosethu"
"ZA","All","M","7","Omphile"
"ZA","All","M","8","Lwandle"
"ZA","All","M","9","Banele"
"ZA","All","M","10","Ofentse"
"BG","All","F","1","Viktoria"
"BG","All","F","2","Maria"
"BG","All","F","3","Nikol"
"BG","All","F","4","Raya"
"BG","All","F","5","Sofia"
"BG","All","F","6","Yoana"
"BG","All","F","7","Dragana"
"BG","All","F","8","Gabriela"
"BG","All","F","9","Aleksandra"
"BG","All","F","10","Simona"
"BG","All","M","1","Aleksandar"
"BG","All","M","2","Georgi"
"BG","All","M","3","Martin"
"BG","All","M","4","Kaloyan"
"BG","All","M","5","Boris"
"BG","All","M","6","Dimitar"
"BG","All","M","7","Teodor"
"BG","All","M","8","Daniel"
"BG","All","M","9","Ivan"
"BG","All","M","10","Nikola"
"BG","All","M","11","Viktor"
"CN","All","F","1","Ruòxī"
"CN","All","F","2","Yīnuò"
"CN","All","F","3","Yìhán"
"CN","All","F","4","Yīnuò"
"CN","All","F","5","Zǐhán"
"CN","All","F","6","Yǐmò"
"CN","All","F","7","Yǔtóng"
"CN","All","F","8","Xīnyí"
"CN","All","F","9","Yǔtóng"
"CN","All","F","10","Yǔxī"
"CN","All","M","1","Mùchén"
"CN","All","M","2","Hàoyǔ"
"CN","All","M","3","Mùchén"
"CN","All","M","4","Míngzé"
"CN","All","M","5","Yìchén"
"CN","All","M","6","Yǔzé"
"CN","All","M","7","Hàorán"
"CN","All","M","8","Yìzé"
"CN","All","M","9","Yǔxuān"
"CN","All","M","10","Mùyáng"
"CY","All","F","1","Maria"
"CY","All","F","2","Eleni"
"CY","All","F","3","Androula"
"CY","All","F","4","Georgia"
"CY","All","F","5","Panagiota"
"CY","All","F","6","Anna"
"CY","All","F","7","Christina"
"CY","All","F","8","Katerina"
"CY","All","F","9","Ioanna"
"CY","All","F","10","Kyriaki"
"CY","All","M","1","Andreas"
"CY","All","M","2","Georgios"
"CY","All","M","3","Konstantinos"
"CY","All","M","4","Christos"
"CY","All","M","5","Nikolaos"
"CY","All","M","6","Michalis"
"CY","All","M","7","Panagiotis"
"CY","All","M","8","Ioannis"
"CY","All","M","9","Marios"
"CY","All","M","10","Dimitrios"
"GE","All","F","1","Mariami"
"GE","All","F","2","Nino"
"GE","All","F","3","Elene"
"GE","All","F","4","Barbare"
"GE","All","F","5","Lile"
"GE","All","F","6","Anastasia"
"GE","All","F","7","Nia"
"GE","All","F","8","Nutsa"
"GE","All","F","9","Sesili"
"GE","All","F","10","Ana"
"GE","All","M","1","Gabriel"
"GE","All","M","2","Andria"
"GE","All","M","3","Giorgi"
"GE","All","M","4","Davit"
"GE","All","M","5","Aleksandre"
"GE","All","M","6","Nikoloz"
"GE","All","M","7","Demetre"
"GE","All","M","8","Luka"
"GE","All","M","9","Daniel"
"GE","All","M","10","Gabor"
"GR","All","F","1","Maria"
"GR","All","F","2","Eleni"
"GR","All","F","3","Aikaterini"
"GR","All","F","4","Vasiliki"
"GR","All","F","5","Sophia"
"GR","All","F","6","Angeliki"
"GR","All","F","7","Georgia"
"GR","All","F","8","Gogo"
"GR","All","F","9","Dimitra"
"GR","All","F","10","Konstantina"
"GR","All","F","11","Paraskevi"
"GR","All","M","1","Georgios"
"GR","All","M","2","Ioannis"
"GR","All","M","3","Konstantinos"
"GR","All","M","4","Dimitrios"
"GR","All","M","5","Nikolaos"
"GR","All","M","6","Panagiotis"
"GR","All","M","7","Vasileios"
"GR","All","M","8","Christos"
"GR","All","M","9","Athanasios"
"GR","All","M","10","Michail"
"KG","All","F","1","Saliha"
"KG","All","F","2","Rayana"
"KG","All","F","3","Amina"
"KG","All","F","4","Fátima"
"KG","All","F","5","Aylin"
"KG","All","F","6","Aliya"
"KG","All","F","7","Safiya"
"KG","All","F","8","Aruuzat"
"KG","All","F","9","Hadicha"
"KG","All","F","10","Aruuke"
"KG","All","M","1","Muhammad"
"KG","All","M","2","Umar"
"KG","All","M","3","Ali"
"KG","All","M","4","Amir"
"KG","All","M","5","Bilal"
"KG","All","M","6","Alikhan"
"KG","All","M","7","Alinur"
"KG","All","M","8","Nurislam"
"KG","All","M","9","Emir"
"KG","All","M","10","Usman"
"KR","All","F","1","Ji-an"
"KR","All","F","2","Ha-yoon"
"KR","All","F","3","Seo-ah"
"KR","All","F","4","Ha-eun"
"KR","All","F","5","Seo-yun"
"KR","All","F","6","Ha-rin"
"KR","All","F","7","Ji-yoo"
"KR","All","F","8","Ji-woo"
"KR","All","F","9","Soo-ah"
"KR","All","F","10","Ji-a"
"KR","All","M","1","Seo-jun"
"KR","All","M","2","Ha-joon"
"KR","All","M","3","Do-yun"
"KR","All","M","4","Eun-woo"
"KR","All","M","5","Si-woo"
"KR","All","M","6","Ji-ho"
"KR","All","M","7","Ye-jun"
"KR","All","M","8","Yu-jun"
"KR","All","M","9","Ju-won"
"KR","All","M","10","Min-jun"
"KZ","All","F","1","Mädïna"
"KZ","All","F","2","Aylin"
"KZ","All","F","3","Asilim"
"KZ","All","F","4","Ayşa"
"KZ","All","F","5","Rayana"
"KZ","All","F","6","Ayala"
"KZ","All","F","7","Ayzere"
"KZ","All","F","8","Amina"
"KZ","All","F","9","Tomyris"
"KZ","All","F","10","Ayim"
"KZ","All","M","1","Alikhan"
"KZ","All","M","2","Aisultan"
"KZ","All","M","3","Nurislam"
"KZ","All","M","4","Aldiyar"
"KZ","All","M","5","Amir"
"KZ","All","M","6","Alinur"
"KZ","All","M","7","Ali"
"KZ","All","M","8","Omar"
"KZ","All","M","9","Ramazan"
"KZ","All","M","10","Muhammed"
"TW","All","F","1","Shu-fen"
"TW","All","F","2","Shu-hui"
"TW","All","F","3","Mei-ling"
"TW","All","F","4","Ya-ting"
"TW","All","F","5","Mei-hui"
"TW","All","F","6","Li-hua"
"TW","All","F","7","Shu-chuan"
"TW","All","F","8","Shu-chen"
"TW","All","F","9","I-chun"
"TW","All","F","10","Shu-hua"
"TW","All","M","1","Chia-hao"
"TW","All","M","2","Chih-ming"
"TW","All","M","3","Chun-chieh"
"TW","All","M","4","Chien-hung"
"TW","All","M","5","Chun-hung"
"TW","All","M","6","Chih-hao"
"TW","All","M","7","Chih-wei"
"TW","All","M","8","Wen-Hsiung"
"TW","All","M","9","Chin-lung"
"TW","All","M","10","Chih-chiang"
"JP","All","M","1","Ao"
"JP","All","M","2","Nagi"
"JP","All","M","3","Ren"
"JP","All","M","4","Hinato"
"JP","All","M","5","Minato"
"JP","All","M","6","Sōma"
"JP","All","M","7","Ao"
"JP","All","M","8","Itsuki"
"JP","All","M","9","Yamato"
"JP","All","M","10","Yūma"
"JP","All","M","11","Haru"
"JP","All","F","1","Hinata"
"JP","All","F","2","Rin"
"JP","All","F","3","Uta"
"JP","All","F","4","Hina"
"JP","All","F","5","Yuna"
"JP","All","F","6","An"
"JP","All","F","7","Mio"
"JP","All","F","8","Yua"
"JP","All","F","9","Mei"
"JP","All","F","10","Riko"
"JP","All","F","11","Sakura"
"JP","All","F","12","Ema"
